Model,Best_Train_Acc
vit_tiny_patch16_224,0.9741945335165674
swin_tiny_patch4_window7_224,0.9735837532447702
deit_tiny_patch16_224,0.9691555962742403
cait_xxs24_224,0.9754160940601618
crossvit_9_240,0.9734310581768209
